{
  "lighting": "none",
  "matrix": {
      "rows": 5,
      "cols": 13
  },
  "layouts": {
      "keymap": [
        [
          {
            "x": 3.5
          },
          "0,3",
          {
            "x": 10.5
          },
          "0,9"
        ],
        [
          {
            "y": -0.875,
            "x": 2.5
          },
          "0,2",
          {
            "x": 1
          },
          "0,4",
          {
            "x": 8.5
          },
          "0,8",
          {
            "x": 1
          },
          "0,10"
        ],
        [
          {
            "y": -0.875,
            "x": 5.5
          },
          "0,5",
          {
            "x": 6.5
          },
          "0,7"
        ],
        [
          {
            "y": -0.875,
            "x": 1.5
          },
          "0,1",
          {
            "x": 14.5
          },
          "0,11"
        ],
        [
          {
            "y": -0.995,
            "x": 0.5
          },
          "0,0",
          {
            "x": 16.5
          },
          "0,12"
        ],
        [
          {
            "y": -0.38,
            "x": 3.5
          },
          "1,3",
          {
            "x": 10.5
          },
          "1,9"
        ],
        [
          {
            "y": -0.875,
            "x": 2.5
          },
          "1,2",
          {
            "x": 1
          },
          "1,4",
          {
            "x": 8.5
          },
          "1,8",
          {
            "x": 1
          },
          "1,10"
        ],
        [
          {
            "y": -0.875,
            "x": 5.5
          },
          "1,5",
          {
            "x": 6.5
          },
          "1,7"
        ],
        [
          {
            "y": -0.9300000000000002,
            "x": 10.25
          },
          "0,6"
        ],
        [
          {
            "y": -0.9449999999999998,
            "x": 1.5
          },
          "1,1",
          {
            "x": 14.5
          },
          "1,11"
        ],
        [
          {
            "y": -0.9950000000000001,
            "x": 0.5
          },
          "1,0",
          {
            "x": 16.5
          },
          "1,12"
        ],
        [
          {
            "y": -0.3799999999999999,
            "x": 3.5
          },
          "2,3",
          {
            "x": 10.5
          },
          "2,9"
        ],
        [
          {
            "y": -0.875,
            "x": 2.5
          },
          "2,2",
          {
            "x": 1
          },
          "2,4",
          {
            "x": 8.5
          },
          "2,8",
          {
            "x": 1
          },
          "2,10"
        ],
        [
          {
            "y": -0.875,
            "x": 5.5
          },
          "2,5",
          {
            "x": 6.5
          },
          "2, 7"
        ],
        [
          {
            "y": -0.9300000000000002,
            "x": 7.5
          },
          "4,0",
          {
            "x": 0.75
          },
          "2,6",
          "4,6",
          "3,6"
        ],
        [
          {
            "y": -0.9499999999999997,
            "x": 0.5
          },
          "2,0",
          {
            "x": 16.5
          },
          "2,12"
        ],
        [
          {
            "y": -0.9950000000000001,
            "x": 1.5
          },
          "2,1",
          {
            "x": 14.5
          },
          "2,11"
        ],
        [
          {
            "y": -0.375,
            "x": 3.5
          },
          "3,3",
          {
            "x": 10.5
          },
          "3,9"
        ],
        [
          {
            "y": -0.875,
            "x": 2.5
          },
          "3,2",
          {
            "x": 1
          },
          "3,4",
          {
            "x": 8.5
          },
          "3,8",
          {
            "x": 1
          },
          "3,10"
        ],
        [
          {
            "y": -0.875,
            "x": 5.5
          },
          "3,5",
          {
            "x": 6.5
          },
          "3,7"
        ],
        [
          {
            "y": -0.9300000000000002,
            "x": 10.25
          },
          "1,6"
        ],
        [
          {
            "y": -0.9449999999999998,
            "x": 1.5
          },
          "3,1",
          {
            "x": 14.5
          },
          "3,11"
        ],
        [
          {
            "y": -0.9950000000000001,
            "x": 0.5
          },
          "3,0",
          {
            "x": 16.5
          },
          "3,12"
        ],
        [
          {
            "y": -0.3799999999999999,
            "x": 3.5
          },
          "4,2",
          {
            "x": 10.5
          },
          "4,10"
        ],
        [
          {
            "y": -0.875,
            "x": 2.5
          },
          "4,1",
          {
            "x": 1
          },
          "4,3",
          {
            "x": 10.5
          },
          "4,11"
        ],
        [
          {
            "ry": 14,
            "y": -9.875,
            "x": 14
          },
          "4,9"
        ],
        [
          {
            "r": 15,
            "rx": 6,
            "ry": 4.25,
            "y": 0.04999999999999982,
            "x": -0.25
          },
          "4,4"
        ],
        [
          {
            "r": 30,
            "rx": 6.5,
            "y": 0.07000000000000028,
            "x": 0.5499999999999998
          },
          "4,5"
        ],
        [
          {
            "r": -39,
            "rx": 14,
            "ry": 4.27,
            "y": -0.6400000000000001,
            "x": -2.49
          },
          "4,7"
        ],
        [
          {
            "r": -19,
            "y": -0.5,
            "x": -1.3000000000000007
          },
          "4,8"
        ]
      ]
      
  }
}